{
  "domains": {
    "synthetic": {
      "lstm": {
        "f1_at_opt": {
          "mean": 0.9127978506823133,
          "std": 0.013759189718077184,
          "n": 10
        },
        "roc_auc": {
          "mean": 0.9525835398828224,
          "std": 0.011913226305449711,
          "n": 10
        },
        "pr_auc": {
          "mean": 0.9766228040426601,
          "std": 0.006448967672471546,
          "n": 10
        },
        "precision": {
          "mean": 0.932598891376495,
          "std": 0.021492446986405712,
          "n": 10
        },
        "recall": {
          "mean": 0.8940596584757076,
          "std": 0.013539349421457495,
          "n": 10
        },
        "threshold": {
          "mean": 0.294,
          "std": 0.041686661868969285,
          "n": 10
        }
      },
      "gat": {
        "f1_at_opt": {
          "mean": 0.7468464656729483,
          "std": 0.2633382097216877,
          "n": 10
        },
        "roc_auc": {
          "mean": 0.7646447205836386,
          "std": 0.2797718125396405,
          "n": 10
        },
        "pr_auc": {
          "mean": 0.8208820168112009,
          "std": 0.29401504365938763,
          "n": 10
        },
        "precision": {
          "mean": 0.7103964002568933,
          "std": 0.25656605903527824,
          "n": 10
        },
        "recall": {
          "mean": 0.7932291442129312,
          "std": 0.2814313598841744,
          "n": 10
        },
        "threshold": {
          "mean": 0.379,
          "std": 0.056656861896861185,
          "n": 10
        }
      },
      "ens": {
        "f1_at_opt": {
          "mean": 0.8962322079047889,
          "std": 0.01224940729227229,
          "n": 10
        },
        "roc_auc": {
          "mean": 0.935438713997797,
          "std": 0.010473079514501134,
          "n": 10
        },
        "pr_auc": {
          "mean": 0.9647749141281023,
          "std": 0.006269048059953322,
          "n": 10
        },
        "precision": {
          "mean": 0.9138955975975324,
          "std": 0.023714565845618273,
          "n": 10
        },
        "recall": {
          "mean": 0.8798962193302533,
          "std": 0.020758664863846445,
          "n": 10
        },
        "threshold": {
          "mean": 0.39,
          "std": 0.08041558721209878,
          "n": 10
        }
      }
    },
    "real": {
      "lstm": {
        "f1_at_opt": {
          "mean": 0.9087158961469226,
          "std": 0.0011276596814170918,
          "n": 10
        },
        "roc_auc": {
          "mean": 0.8133067306865462,
          "std": 0.015382573701255427,
          "n": 10
        },
        "pr_auc": {
          "mean": 0.9419418104384605,
          "std": 0.0040317592152217035,
          "n": 10
        },
        "precision": {
          "mean": 0.8453773738161193,
          "std": 0.007879361926156124,
          "n": 10
        },
        "recall": {
          "mean": 0.9824810694587267,
          "std": 0.009349163286905259,
          "n": 10
        },
        "threshold": {
          "mean": 0.371,
          "std": 0.11327939893123648,
          "n": 10
        }
      },
      "gat": {
        "f1_at_opt": {
          "mean": 0.7683321725173335,
          "std": 0.003135677765667974,
          "n": 10
        },
        "roc_auc": {
          "mean": 0.6939204449721894,
          "std": 0.014503238049522206,
          "n": 10
        },
        "pr_auc": {
          "mean": 0.827371108532173,
          "std": 0.007676151609741638,
          "n": 10
        },
        "precision": {
          "mean": 0.6245510108592536,
          "std": 0.004003265930299172,
          "n": 10
        },
        "recall": {
          "mean": 0.9981349672839575,
          "std": 0.0014692259329241377,
          "n": 10
        },
        "threshold": {
          "mean": 0.337,
          "std": 0.12293177873203585,
          "n": 10
        }
      },
      "ens": {
        "f1_at_opt": {
          "mean": 0.9087158961469226,
          "std": 0.0011276596814170918,
          "n": 10
        },
        "roc_auc": {
          "mean": 0.8133067306865462,
          "std": 0.015382573701255427,
          "n": 10
        },
        "pr_auc": {
          "mean": 0.9419418104384605,
          "std": 0.0040317592152217035,
          "n": 10
        },
        "precision": {
          "mean": 0.8453773738161193,
          "std": 0.007879361926156124,
          "n": 10
        },
        "recall": {
          "mean": 0.9824810694587267,
          "std": 0.009349163286905259,
          "n": 10
        },
        "threshold": {
          "mean": 0.371,
          "std": 0.11327939893123648,
          "n": 10
        }
      }
    },
    "bitbrains": {
      "lstm": {
        "f1_at_opt": {
          "mean": 0.9606038123025301,
          "std": 0.0016547203552786949,
          "n": 10
        },
        "roc_auc": {
          "mean": 0.9627688915009341,
          "std": 0.003187708160287074,
          "n": 10
        },
        "pr_auc": {
          "mean": 0.9762856614650978,
          "std": 0.0022487845680206754,
          "n": 10
        },
        "precision": {
          "mean": 0.9271407433508531,
          "std": 0.00430684083573474,
          "n": 10
        },
        "recall": {
          "mean": 0.9965957610493519,
          "std": 0.0029007331173685836,
          "n": 10
        },
        "threshold": {
          "mean": 0.18,
          "std": 0.057927157323275885,
          "n": 10
        }
      },
      "gat": {
        "f1_at_opt": {
          "mean": 0.8759926612437446,
          "std": 0.003490974257499215,
          "n": 10
        },
        "roc_auc": {
          "mean": 0.5905134947524707,
          "std": 0.026372525345091994,
          "n": 10
        },
        "pr_auc": {
          "mean": 0.8281470633242715,
          "std": 0.011456932087893942,
          "n": 10
        },
        "precision": {
          "mean": 0.7799506938396388,
          "std": 0.004819444013823245,
          "n": 10
        },
        "recall": {
          "mean": 0.9990276125687214,
          "std": 0.0027724894958796793,
          "n": 10
        },
        "threshold": {
          "mean": 0.248,
          "std": 0.2090613944913471,
          "n": 10
        }
      },
      "ens": {
        "f1_at_opt": {
          "mean": 0.9606038123025301,
          "std": 0.0016547203552786949,
          "n": 10
        },
        "roc_auc": {
          "mean": 0.9627688915009341,
          "std": 0.003187708160287074,
          "n": 10
        },
        "pr_auc": {
          "mean": 0.9762856614650978,
          "std": 0.0022487845680206754,
          "n": 10
        },
        "precision": {
          "mean": 0.9271407433508531,
          "std": 0.00430684083573474,
          "n": 10
        },
        "recall": {
          "mean": 0.9965957610493519,
          "std": 0.0029007331173685836,
          "n": 10
        },
        "threshold": {
          "mean": 0.18,
          "std": 0.057927157323275885,
          "n": 10
        }
      }
    }
  },
  "bwt": {
    "mean": 0.0,
    "std": 0.0,
    "n": 10
  },
  "completed_trials": 10,
  "total_trials": 10,
  "is_final": true,
  "lifelong_order": [
    "D0=synthetic",
    "L1=travistorrent",
    "L2=bitbrains"
  ]
}